Category,Term,TermName,Count,%,PValue,Genes,List Total,Pop Hits,Pop Total,Fold Enrichment,Bonferroni,Benjamini,FDR,Log2E,Log10FDR
KEGG_PATHWAY,hsa03010,Ribosome,20,25.3164557,2.22E-19,"6164, 6142, 6141, 6188, 6132, 6231, 6157, 6134, 6169, 6202, 2197, 6161, 51121, 6227, 6218, 6207, 6228, 6208, 11224, 4736",55,166,8205,17.97371303,2.53E-17,2.53E-17,2.51E-17,4.167816568,16.60032628
KEGG_PATHWAY,hsa05171,Coronavirus disease - COVID-19,20,25.3164557,1.32E-16,"6164, 6142, 6141, 6188, 6132, 6231, 6157, 6134, 6169, 6202, 2197, 6161, 51121, 6227, 6218, 6207, 6228, 6208, 11224, 4736",55,232,8205,12.86050157,1.27E-14,7.50E-15,7.44E-15,3.684875005,14.12842706
KEGG_PATHWAY,hsa05230,Central carbon metabolism in cancer,5,6.329113924,0.001114085,"3417, 9123, 2475, 2064, 2539",55,70,8205,10.65584416,0.119333659,0.042335217,0.041963856,3.413572983,1.377124612
KEGG_PATHWAY,hsa04612,Antigen processing and presentation,4,5.063291139,0.014483249,"10437, 6892, 3106, 567",55,78,8205,7.65034965,0.810461609,0.412772598,0.409151786,2.935525686,0.388115549
KEGG_PATHWAY,hsa04142,Lysosome,4,5.063291139,0.055756803,"1777, 5660, 1176, 10577",55,132,8205,4.520661157,0.998556022,1,1,2.176533786,0
KEGG_PATHWAY,hsa00480,Glutathione metabolism,3,4.545454545,0.010019227,"26873, 2948, 2946",23,57,8205,-18.77574371,0.659542168,1,1,-4.230798149,0
KEGG_PATHWAY,hsa05418,Fluid shear stress and atherosclerosis,3,4.545454545,0.052770697,"810, 2948, 2946",23,139,8205,-7.699405693,0.996975188,1,1,-2.94474709,0
KEGG_PATHWAY,hsa05225,Hepatocellular carcinoma,3,4.545454545,0.073691298,"2948, 2946, 57492",23,168,8205,-6.370341615,0.999722754,1,1,-2.67137074,0