Category,Term,TermName,Count,%,PValue,Genes,List Total,Pop Hits,Pop Total,Fold Enrichment,Bonferroni,Benjamini,FDR,Log2E,Log10FDR
KEGG_PATHWAY,hsa04218,Cellular senescence,3,6.25,0.070043157,"4790, 5501, 824",24,156,8205,6.574519231,0.999931279,1,1,2.7168854,0
KEGG_PATHWAY,hsa03008,Ribosome biogenesis in eukaryotes,5,4.672897196,0.004712907,"54464, 10436, 23160, 55341, 10885",49,117,8205,-7.155939299,0.588571892,0.447260621,0.447260621,-2.83914115,0.349439338
KEGG_PATHWAY,hsa01100,Metabolic pathways,18,16.82242991,0.004758092,"11041, 8776, 9415, 10020, 5291, 7083, 2677, 283459, 2731, 79644, 79814, 55627, 5137, 6713, 2939, 2938, 84890, 51703",49,1541,8205,-1.955925784,0.592068546,0.447260621,0.447260621,-0.967851629,0.349439338
KEGG_PATHWAY,hsa01524,Platinum drug resistance,4,3.738317757,0.008774824,"1029, 2939, 2938, 5291",49,73,8205,-9.175286553,0.809279714,0.549889001,0.549889001,-3.197753215,0.259724967
KEGG_PATHWAY,hsa05225,Hepatocellular carcinoma,5,4.672897196,0.016392567,"1029, 196528, 2939, 2938, 5291",49,168,8205,-4.983600583,0.955280312,0.770450652,0.770450652,-2.317188446,0.113255173
KEGG_PATHWAY,hsa00983,Drug metabolism - other enzymes,3,2.803738318,0.079425339,"2939, 2938, 7083",49,80,8205,-6.279336735,0.999999825,1,1,-2.65061218,0